Workbook

Sheet Tracker
A1: Practice tracker
A2: Fill in the yellow columns as you work. Progress and the Dashboard recalculate on their own.
A4: Topic | B4: Reference sheet | C4: Difficulty | D4: Status | E4: Confidence 1-5 | F4: Last reviewed | G4: Progress | H4: Exercise to complete | I4: Notes
A5: Variables and Scope | B5: 01 Variables and Scope | C5: Easy | D5: Not started | G5: =IFERROR(INDEX(Lists!$B$5:$B$8,MATCH(D5,Lists!$A$5:$A$8,0)),0) -> 0 | H5: Write a counter with a closure and explain why the value survives.
A6: Types and Coercion | B6: 02 Types and Coercion | C6: Easy | D6: Not started | G6: =IFERROR(INDEX(Lists!$B$5:$B$8,MATCH(D6,Lists!$A$5:$A$8,0)),0) -> 0 | H6: List the eight falsy values from memory, then verify each one.
A7: Operators | B7: 03 Operators | C7: Easy | D7: Not started | G7: =IFERROR(INDEX(Lists!$B$5:$B$8,MATCH(D7,Lists!$A$5:$A$8,0)),0) -> 0 | H7: Rewrite three || defaults as ?? and describe what changes.
A8: Strings | B8: 04 Strings | C8: Easy | D8: Not started | G8: =IFERROR(INDEX(Lists!$B$5:$B$8,MATCH(D8,Lists!$A$5:$A$8,0)),0) -> 0 | H8: Build a slug function: lowercase, trim, replace spaces with dashes.
A9: Arrays: map filter reduce | B9: 05 Arrays | C9: Medium | D9: Not started | G9: =IFERROR(INDEX(Lists!$B$5:$B$8,MATCH(D9,Lists!$A$5:$A$8,0)),0) -> 0 | H9: From an array of orders, compute the total for one customer without a for loop.
A10: Arrays: mutation | B10: 05 Arrays | C10: Medium | D10: Not started | G10: =IFERROR(INDEX(Lists!$B$5:$B$8,MATCH(D10,Lists!$A$5:$A$8,0)),0) -> 0 | H10: Sort a list without touching the original array.
A11: Objects | B11: 06 Objects | C11: Medium | D11: Not started | G11: =IFERROR(INDEX(Lists!$B$5:$B$8,MATCH(D11,Lists!$A$5:$A$8,0)),0) -> 0 | H11: Merge defaults with user options, then prove the copy is shallow.
A12: Destructuring | B12: 06 Objects | C12: Easy | D12: Not started | G12: =IFERROR(INDEX(Lists!$B$5:$B$8,MATCH(D12,Lists!$A$5:$A$8,0)),0) -> 0 | H12: Destructure a nested API response with defaults for missing fields.
A13: Functions and closures | B13: 07 Functions | C13: Medium | D13: Not started | G13: =IFERROR(INDEX(Lists!$B$5:$B$8,MATCH(D13,Lists!$A$5:$A$8,0)),0) -> 0 | H13: Write a once(fn) helper that runs its argument only the first time.
A14: this and binding | B14: 07 Functions | C14: Hard | D14: Not started | G14: =IFERROR(INDEX(Lists!$B$5:$B$8,MATCH(D14,Lists!$A$5:$A$8,0)),0) -> 0 | H14: Show the same method losing this, then fix it three different ways.
A15: Modern syntax | B15: 08 Modern Syntax | C15: Easy | D15: Not started | G15: =IFERROR(INDEX(Lists!$B$5:$B$8,MATCH(D15,Lists!$A$5:$A$8,0)),0) -> 0 | H15: Refactor an old ES5 snippet into arrows, const, and template literals.
A16: Classes and modules | B16: 08 Modern Syntax | C16: Medium | D16: Not started | G16: =IFERROR(INDEX(Lists!$B$5:$B$8,MATCH(D16,Lists!$A$5:$A$8,0)),0) -> 0 | H16: Split a script into two modules with named and default exports.
... A26: Mini project | B26: All sheets | C26: Hard | D26: Not started | G26: =IFERROR(INDEX(Lists!$B$5:$B$8,MATCH(D26,Lists!$A$5:$A$8,0)),0) -> 0 | H26: Build a to-do app: render, add, delete, filter, and persist to localStorage.

Sheet Dashboard
A1: Dashboard
A2: Every figure is a formula over the Tracker sheet. Nothing here is typed in by hand.
A4: Summary | B4: Value
A5: Topics tracked | B5: =COUNTA(Tracker!$A$5:$A$26) -> 22
A6: Overall progress | B6: =IFERROR(AVERAGE(Tracker!$G$5:$G$26),0) -> 0
A7: Average confidence | B7: =IFERROR(AVERAGEIF(Tracker!$E$5:$E$26,">0"),0) -> 0
A8: Topics never reviewed | B8: =COUNTBLANK(Tracker!$F$5:$F$26) -> 22
A9: Next topic to pick up | B9: =IFERROR(INDEX(Tracker!$A$5:$A$26,MATCH(MIN(Tracker!$G$5:$G$26),Tracker!$G$5:$G$26,0)),"All done") -> Variables and Scope
A12: By status | B12: Topics | C12: Share
A13: Not started | B13: =COUNTIF(Tracker!$D$5:$D$26,$A13) -> 22 | C13: =IFERROR(B13/$B$5,0) -> 1
A14: Learning | B14: =COUNTIF(Tracker!$D$5:$D$26,$A14) -> 0 | C14: =IFERROR(B14/$B$5,0) -> 0
A15: Practising | B15: =COUNTIF(Tracker!$D$5:$D$26,$A15) -> 0 | C15: =IFERROR(B15/$B$5,0) -> 0
A16: Confident | B16: =COUNTIF(Tracker!$D$5:$D$26,$A16) -> 0 | C16: =IFERROR(B16/$B$5,0) -> 0
A19: By difficulty | B19: Topics | C19: Confident | D19: Progress
A20: Easy | B20: =COUNTIF(Tracker!$C$5:$C$26,$A20) -> 8 | C20: =COUNTIFS(Tracker!$C$5:$C$26,$A20,Tracker!$D$5:$D$26,"Confident") -> 0 | D20: =IFERROR(SUMIF(Tracker!$C$5:$C$26,$A20,Tracker!$G$5:$G$26)/B20,0) -> 0
A21: Medium | B21: =COUNTIF(Tracker!$C$5:$C$26,$A21) -> 10 | C21: =COUNTIFS(Tracker!$C$5:$C$26,$A21,Tracker!$D$5:$D$26,"Confident") -> 0 | D21: =IFERROR(SUMIF(Tracker!$C$5:$C$26,$A21,Tracker!$G$5:$G$26)/B21,0) -> 0
A22: Hard | B22: =COUNTIF(Tracker!$C$5:$C$26,$A22) -> 4 | C22: =COUNTIFS(Tracker!$C$5:$C$26,$A22,Tracker!$D$5:$D$26,"Confident") -> 0 | D22: =IFERROR(SUMIF(Tracker!$C$5:$C$26,$A22,Tracker!$G$5:$G$26)/B22,0) -> 0
A24: Progress weights come from the Lists sheet, so the totals shift if you change them there.

Sheet Lists
A1: Lookup lists
A2: Drives the dropdowns and the Progress formula on the Tracker sheet. Change a weight and every total updates.
A4: Status | B4: Progress weight | D4: Difficulty
A5: Not started | B5: 0 | D5: Easy
A6: Learning | B6: 0.35 | D6: Medium
A7: Practising | B7: 0.7 | D7: Hard
A8: Confident | B8: 1
A10: Assumption: the weights above are a study convention, not a measurement. Adjust them to taste.

Sheet How to use
A1: How to use the tracker
A2: Three sheets: Tracker is where you type, Dashboard is calculated, Lists holds the dropdown values.
A4: Legend
A5: Yellow cells | B5: The only cells you edit: Difficulty, Status, Confidence, Last reviewed, Notes.
A6: White cells | B6: Reference text and formulas. Leave them alone.
A7: Progress column | B7: Calculated from Status using the weights on the Lists sheet.
A8: Dashboard | B8: Entirely formulas. It updates the moment you change a status.
A11: Example of a filled-in row
A12: Topic | B12: Reference sheet | C12: Difficulty | D12: Status | E12: Confidence 1-5 | F12: Last reviewed | G12: Progress | H12: Notes
A13: Arrays: map filter reduce | B13: 05 Arrays | C13: Medium | D13: Practising | E13: 3 | F13: 2026-08-14 | G13: 70% | H13: reduce still needs the docs, map and filter are fine.
A14: Illustration only. Type your own values on the Tracker sheet, where Progress is a formula rather than text.
A16: A suggested rhythm
A17: • Pick the topic named in Next topic to pick up on the Dashboard.
A18: • Read that sheet in javascript-essentials.xlsx, then do the exercise from column H without looking back at it.
A19: • Set the status, score your confidence from 1 to 5, and date the row.
A20: • Anything scored 3 or below goes back to Learning after a week.
